{
  "name": "NeoPixelBus",
  "keywords": "NeoPixel, WS2811, WS2812, SK6812, RGB, RGBW",
  "description": "A library that makes controlling NeoPixels (WS2811, WS2812 & SK6812) easy.  Supports most Arduino platforms.  Support for RGBW pixels.  Includes seperate RgbColor, RgbwColor, HslColor, and HsbColor objects.  Includes an animator class that helps create asyncronous animations.  For Esp8266 it has three methods of sending data, DMA, UART, and Bit Bang.",
  "repository":
  {
    "type": "git",
    "url": "https://github.com/Makuna/NeoPixelBus"
  },
  "version": "2.1.2",
  "frameworks": "arduino",
  "platforms": "*"
}

